Barangay Name,Latitude,Longitude
"CBarangay 1, Caloocan",14.6589, 120.9732
"CBarangay 10, Caloocan",14.6544, 120.9714
"CBarangay 100, Caloocan",14.6538, 120.9958
"CBarangay 101, Caloocan",14.6505, 120.9931
"CBarangay 102, Caloocan",14.6497, 120.9943
"CBarangay 103, Caloocan",14.6492, 120.9903
"CBarangay 104, Caloocan",14.6492, 120.9888
"CBarangay 105, Caloocan",14.6480, 120.9927
"CBarangay 106, Caloocan",14.6501, 120.9845
"CBarangay 107, Caloocan",14.6507, 120.9860
"CBarangay 108, Caloocan",14.6500, 120.9874
"CBarangay 109, Caloocan",14.6479, 120.9859
"CBarangay 11, Caloocan",14.6537, 120.9707
"CBarangay 110, Caloocan",14.6468, 120.9844
"CBarangay 111, Caloocan",14.6468, 120.9859
"CBarangay 112, Caloocan",14.6467, 120.9873
"CBarangay 113, Caloocan",14.6450, 120.9843
"CBarangay 114, Caloocan",14.6448, 120.9854
"CBarangay 115, Caloocan",14.6448, 120.9862
"CBarangay 116, Caloocan",14.6450, 120.9872
"CBarangay 117, Caloocan",14.6438, 120.9847
"CBarangay 118, Caloocan",14.6420, 120.9877
"CBarangay 119, Caloocan",14.6424, 120.9845
"CBarangay 12, Caloocan",14.6533, 120.9663
"CBarangay 120, Caloocan",14.6398, 120.9842
"CBarangay 121, Caloocan",14.6464, 120.9894
"CBarangay 122, Caloocan",14.6459, 120.9921
"CBarangay 123, Caloocan",14.6450, 120.9887
"CBarangay 124, Caloocan",14.6450, 120.9901
"CBarangay 125, Caloocan",14.6446, 120.9919
"CBarangay 126, Caloocan",14.6431, 120.9914
"CBarangay 127, Caloocan",14.6413, 120.9906
"CBarangay 128, Caloocan",14.6397, 120.9901
"CBarangay 129, Caloocan",14.6387, 120.9897
"CBarangay 13, Caloocan",14.6520, 120.9723
"CBarangay 130, Caloocan",14.6378, 120.9894
"CBarangay 131, Caloocan",14.6375, 120.9919
"CBarangay 132, Caloocan",14.6633, 120.9909
"CBarangay 133, Caloocan",14.6630, 120.9924
"CBarangay 134, Caloocan",14.6586, 120.9909
"CBarangay 135, Caloocan",14.6584, 120.9925
"CBarangay 136, Caloocan",14.6584, 120.9948
"CBarangay 137, Caloocan",14.6608, 120.9947
"CBarangay 138, Caloocan",14.6594, 120.9971
"CBarangay 139, Caloocan",14.6596, 120.9989
"CBarangay 14, Caloocan",14.6486, 120.9644
"CBarangay 140, Caloocan",14.6631, 120.9959
"CBarangay 141, Caloocan",14.6631, 120.9986
"CBarangay 142, Caloocan",14.6647, 120.9927
"CBarangay 143, Caloocan",14.6634, 120.9934
"CBarangay 144, Caloocan",14.6640, 120.9945
"CBarangay 145, Caloocan",14.6658, 120.9939
"CBarangay 146, Caloocan",14.6647, 120.9958
"CBarangay 147, Caloocan",14.6643, 120.9975
"CBarangay 148, Caloocan",14.6660, 120.9956
"CBarangay 149, Caloocan",14.6675, 120.9959
"CBarangay 15, Caloocan",14.6494, 120.9733
"CBarangay 150, Caloocan",14.6664, 120.9973
"CBarangay 151, Caloocan",14.6645, 120.9995
"CBarangay 152, Caloocan",14.6683, 120.9978
"CBarangay 153, Caloocan",14.6672, 120.9987
"CBarangay 154, Caloocan",14.6660, 120.9995
"CBarangay 155, Caloocan",14.6683, 120.9997
"CBarangay 156, Caloocan",14.6663, 121.0012
"CBarangay 157, Caloocan",14.6684, 121.0012
"CBarangay 158, Caloocan",14.6708, 121.0028
"CBarangay 159, Caloocan",14.6749, 121.0069
"CBarangay 16, Caloocan",14.6504, 120.9699
"CBarangay 160, Caloocan",14.6796, 121.0022
"CBarangay 161, Caloocan",14.6763, 121.0018
"CBarangay 162, Caloocan",14.6817, 121.0087
"CBarangay 163, Caloocan",14.6804, 121.0125
"CBarangay 164, Caloocan",14.6896, 121.0169
"CBarangay 165, Caloocan",14.7178, 121.0045
"CBarangay 166, Caloocan",14.7194, 121.0102
"CBarangay 167, Caloocan",14.7326, 121.0124
"CBarangay 168, Caloocan",14.7402, 121.0255
"CBarangay 169, Caloocan",14.7329, 121.0233
"CBarangay 17, Caloocan",14.6489, 120.9746
"CBarangay 170, Caloocan",14.7373, 121.0331
"CBarangay 171, Caloocan",14.7479, 121.0307
"CBarangay 172, Caloocan",14.7481, 121.0411
"CBarangay 173, Caloocan",14.7522, 121.0346
"CBarangay 174, Caloocan",14.7611, 121.0495
"CBarangay 175, Caloocan",14.7657, 121.0449
"CBarangay 176, Caloocan",14.7751, 121.0448
"CBarangay 177, Caloocan",14.7481, 121.0489
"CBarangay 178, Caloocan",14.7572, 121.0576
"CBarangay 179, Caloocan",14.7468, 121.0789
"CBarangay 18, Caloocan",14.6492, 120.9710
"CBarangay 180, Caloocan",14.7633, 121.0792
"CBarangay 181, Caloocan",14.7654, 121.0913
"CBarangay 182, Caloocan",14.7649, 121.0976
"CBarangay 183, Caloocan",14.7549, 121.0831
"CBarangay 184, Caloocan",14.7644, 121.0828
"CBarangay 185, Caloocan",14.7695, 121.0794
"CBarangay 186, Caloocan",14.7655, 121.0724
"CBarangay 187, Caloocan",14.7661, 121.0610
"CBarangay 188, Caloocan",14.7691, 121.0613
"CBarangay 19, Caloocan",14.6466, 120.9749
"CBarangay 2, Caloocan",14.6609, 120.9721
"CBarangay 20, Caloocan",14.6474, 120.9708
"CBarangay 21, Caloocan",14.6445, 120.9755
"CBarangay 22, Caloocan",14.6456, 120.9711
"CBarangay 23, Caloocan",14.6435, 120.9744
"CBarangay 24, Caloocan",14.6434, 120.9730
"CBarangay 25, Caloocan",14.6420, 120.9762
"CBarangay 26, Caloocan",14.6414, 120.9748
"CBarangay 27, Caloocan",14.6414, 120.9730
"CBarangay 28, Caloocan",14.6433, 120.9708
"CBarangay 29, Caloocan",14.6405, 120.9764
"CBarangay 3, Caloocan",14.6587, 120.9720
"CBarangay 30, Caloocan",14.6390, 120.9744
"CBarangay 31, Caloocan",14.6406, 120.9713
"CBarangay 32, Caloocan",14.6386, 120.9764
"CBarangay 33, Caloocan",14.6365, 120.9756
"CBarangay 34, Caloocan",14.6369, 120.9732
"CBarangay 35, Caloocan",14.6381, 120.9725
"CBarangay 36, Caloocan",14.6362, 120.9783
"CBarangay 37, Caloocan",14.6386, 120.9779
"CBarangay 38, Caloocan",14.6394, 120.9789
"CBarangay 39, Caloocan",14.6373, 120.9825
"CBarangay 4, Caloocan",14.6591, 120.9694
"CBarangay 40, Caloocan",14.6385, 120.9824
"CBarangay 41, Caloocan",14.6398, 120.9823
"CBarangay 42, Caloocan",14.6399, 120.9805
"CBarangay 43, Caloocan",14.6407, 120.9781
"CBarangay 44, Caloocan",14.6410, 120.9802
"CBarangay 45, Caloocan",14.6411, 120.9824
"CBarangay 46, Caloocan",14.6426, 120.9779
"CBarangay 47, Caloocan",14.6425, 120.9802
"CBarangay 48, Caloocan",14.6427, 120.9824
"CBarangay 49, Caloocan",14.6445, 120.9771
"CBarangay 5, Caloocan",14.6565, 120.9728
"CBarangay 50, Caloocan",14.6440, 120.9790
"CBarangay 51, Caloocan",14.6438, 120.9817
"CBarangay 52, Caloocan",14.6466, 120.9769
"CBarangay 53, Caloocan",14.6461, 120.9785
"CBarangay 54, Caloocan",14.6467, 120.9815
"CBarangay 55, Caloocan",14.6450, 120.9814
"CBarangay 56, Caloocan",14.6480, 120.9768
"CBarangay 57, Caloocan",14.6480, 120.9793
"CBarangay 58, Caloocan",14.6481, 120.9822
"CBarangay 59, Caloocan",14.6498, 120.9766
"CBarangay 6, Caloocan",14.6573, 120.9705
"CBarangay 60, Caloocan",14.6503, 120.9787
"CBarangay 61, Caloocan",14.6494, 120.9816
"CBarangay 62, Caloocan",14.6508, 120.9816
"CBarangay 63, Caloocan",14.6508, 120.9765
"CBarangay 64, Caloocan",14.6520, 120.9755
"CBarangay 65, Caloocan",14.6527, 120.9766
"CBarangay 66, Caloocan",14.6526, 120.9783
"CBarangay 67, Caloocan",14.6527, 120.9805
"CBarangay 68, Caloocan",14.6525, 120.9827
"CBarangay 69, Caloocan",14.6541, 120.9778
"CBarangay 7, Caloocan",14.6559, 120.9705
"CBarangay 70, Caloocan",14.6544, 120.9795
"CBarangay 71, Caloocan",14.6546, 120.9831
"CBarangay 72, Caloocan",14.6555, 120.9824
"CBarangay 73, Caloocan",14.6554, 120.9756
"CBarangay 74, Caloocan",14.6563, 120.9786
"CBarangay 75, Caloocan",14.6555, 120.9806
"CBarangay 76, Caloocan",14.6564, 120.9831
"CBarangay 77, Caloocan",14.6580, 120.9810
"CBarangay 78, Caloocan",14.6594, 120.9833
"CBarangay 79, Caloocan",14.6596, 120.9811
"CBarangay 8, Caloocan",14.6571, 120.9657
"CBarangay 80, Caloocan",14.6597, 120.9766
"CBarangay 81, Caloocan",14.6594, 120.9847
"CBarangay 82, Caloocan",14.6628, 120.9892
"CBarangay 83, Caloocan",14.6602, 120.9886
"CBarangay 84, Caloocan",14.6598, 120.9868
"CBarangay 85, Caloocan",14.6586, 120.9896
"CBarangay 86, Caloocan",14.6564, 120.9861
"CBarangay 87, Caloocan",14.6563, 120.9905
"CBarangay 88, Caloocan",14.6547, 120.9861
"CBarangay 89, Caloocan",14.6544, 120.9894
"CBarangay 9, Caloocan",14.6532, 120.9739
"CBarangay 90, Caloocan",14.6537, 120.9863
"CBarangay 91, Caloocan",14.6524, 120.9864
"CBarangay 92, Caloocan",14.6547, 120.9908
"CBarangay 93, Caloocan",14.6519, 120.9907
"CBarangay 94, Caloocan",14.6565, 120.9942
"CBarangay 95, Caloocan",14.6563, 120.9973
"CBarangay 96, Caloocan",14.6543, 120.9932
"CBarangay 97, Caloocan",14.6526, 120.9930
"CBarangay 98, Caloocan",14.6522, 120.9945
"CBarangay 99, Caloocan",14.6549, 120.9972
"Almanza Dos, Las Pinas",14.4023, 121.0059
"Almanza Uno, Las Pinas",14.4330, 121.0132
"B. F. International Village, Las Pinas",14.4568, 120.9981
"Daniel Fajardo, Las Pinas",14.4809, 120.9816
"Elias Aldana, Las Pinas",14.4773, 120.9795
"Ilaya, Las Pinas",14.4780, 120.9807
"Manuyo Dos, Las Pinas",14.4711, 120.9917
"Manuyo Uno, Las Pinas",14.4830, 120.9845
"Pamplona Dos, Las Pinas",14.4496, 120.9751
"Pamplona Tres, Las Pinas",14.4556, 120.9837
"Pamplona Uno, Las Pinas",14.4584, 120.9704
"Pilar, Las Pinas",14.4208, 121.0086
"Pulang Lupa Dos, Las Pinas",14.4603, 120.9810
"Pulang Lupa Uno, Las Pinas",14.4711, 120.9775
"Talon Dos, Las Pinas",14.4405, 120.9913
"Talon Kuatro, Las Pinas",14.4336, 120.9976
"Talon Singko, Las Pinas",14.4233, 120.9959
"Talon Tres, Las Pinas",14.4423, 121.0013
"Talon Uno, Las Pinas",14.4384, 121.0028
"Zapote, Las Pinas",14.4652, 120.9682
"Bangkal, Makati",14.5465, 121.0122
"Bel-Air, Makati",14.5606, 121.0216
"Carmona, Makati",14.5776, 121.0184
"Cembo, Makati",14.5632, 121.0518
"Comembo, Makati",14.5489, 121.0653
"Dasmarinas, Makati",14.5414, 121.0261
"East Rembo, Makati",14.5515, 121.0624
"Forbes Park, Makati",14.5512, 121.0352
"Guadalupe Nuevo, Makati",14.5611, 121.0448
"Guadalupe Viejo, Makati",14.5645, 121.0399
"Kasilawan, Makati",14.5757, 121.0156
"La Paz, Makati",14.5682, 121.0076
"Magallanes, Makati",14.5359, 121.0179
"Olympia, Makati",14.5719, 121.0211
"Palanan, Makati",14.5603, 121.0049
"Pembo, Makati",14.5467, 121.0616
"Pinagkaisahan, Makati",14.5582, 121.0408
"Pio del Pilar, Makati",14.5525, 121.0117
"Pitogo, Makati",14.5566, 121.0462
"Poblacion, Makati",14.5674, 121.0319
"Post Proper Northside, Makati",14.5548, 121.0510
"Post Proper Southside, Makati",14.5405, 121.0502
"Rizal, Makati",14.5385, 121.0609
"San Antonio, Makati",14.5623, 121.0084
"San Isidro, Makati",14.5539, 121.0053
"San Lorenzo, Makati",14.5516, 121.0218
"Santa Cruz, Makati",14.5678, 121.0154
"Singkamas, Makati",14.5725, 121.0110
"South Cembo, Makati",14.5592, 121.0496
"Tejeros, Makati",14.5745, 121.0138
"Urdaneta, Makati",14.5554, 121.0296
"Valenzuela, Makati",14.5719, 121.0243
"West Rembo, Makati",14.5597, 121.0629
"Acacia, Malabon",14.6678, 120.9688
"Baritan, Malabon",14.6721, 120.9470
"Bayan-bayanan, Malabon",14.6756, 120.9456
"Catmon, Malabon",14.6700, 120.9602
"Concepcion, Malabon",14.6689, 120.9471
"Dampalit, Malabon",14.6944, 120.9324
"Flores, Malabon",14.6743, 120.9429
"Hulong Duhat, Malabon",14.6780, 120.9420
"Ibaba, Malabon",14.6645, 120.9507
"Longos, Malabon",14.6539, 120.9607
"Maysilo, Malabon",14.6798, 120.9613
"Muzon, Malabon",14.6758, 120.9498
"Niugan, Malabon",14.6672, 120.9553
"Panghulo, Malabon",14.6872, 120.9547
"Potrero, Malabon",14.6630, 120.9833
"San Agustin, Malabon",14.6614, 120.9508
"Santolan, Malabon",14.6861, 120.9592
"Tanong, Malabon",14.6546, 120.9535
"Tinajeros, Malabon",14.6709, 120.9696
"Tonsuya, Malabon",14.6629, 120.9586
"Tugatog, Malabon",14.6641, 120.9694
"Addition Hills, Mandaluyong",14.5852, 121.0348
"Bagong Silang, Mandaluyong",14.5913, 121.0301
"Barangka Drive, Mandaluyong",14.5700, 121.0362
"Barangka Ibaba, Mandaluyong",14.5697, 121.0392
"Barangka Ilaya, Mandaluyong",14.5691, 121.0449
"Barangka Itaas, Mandaluyong",14.5703, 121.0418
"Buayang Bato, Mandaluyong",14.5687, 121.0510
"Burol, Mandaluyong",14.5897, 121.0276
"Daang Bakal, Mandaluyong",14.5933, 121.0280
"Hagdang Bato Itaas, Mandaluyong",14.5883, 121.0309
"Hagdang Bato Libis, Mandaluyong",14.5891, 121.0342
"Harapin Ang Bukas, Mandaluyong",14.5920, 121.0262
"Highway Hills, Mandaluyong",14.5813, 121.0488
"Hulo, Mandaluyong",14.5703, 121.0323
"Mabini-J. Rizal, Mandaluyong",14.5858, 121.0211
"Malamig, Mandaluyong",14.5751, 121.0465
"Mauway, Mandaluyong",14.5814, 121.0438
"Namayan, Mandaluyong",14.5798, 121.0208
"New Zaniga, Mandaluyong",14.5833, 121.0286
"Old Zaniga, Mandaluyong",14.5800, 121.0268
"Pag-asa, Mandaluyong",14.5897, 121.0241
"Plainview, Mandaluyong",14.5766, 121.0367
"Pleasant Hills, Mandaluyong",14.5867, 121.0416
"Poblacion, Mandaluyong",14.5882, 121.0267
"San Jose, Mandaluyong",14.5801, 121.0292
"Vergara, Mandaluyong",14.5770, 121.0246
"Wack-wack Greenhills, Mandaluyong",14.5899, 121.0518
"MBarangay 1, Manila",14.6044, 120.9669
"MBarangay 10, Manila",14.6062, 120.9704
"MBarangay 100, Manila",14.6229, 120.9607
"MBarangay 101, Manila",14.6274, 120.9608
"MBarangay 102, Manila",14.6230, 120.9623
"MBarangay 103, Manila",14.6218, 120.9624
"MBarangay 104, Manila",14.6206, 120.9627
"MBarangay 105, Manila",14.6239, 120.9573
"MBarangay 106, Manila",14.6247, 120.9615
"MBarangay 107, Manila",14.6189, 120.9592
"MBarangay 108, Manila",14.6189, 120.9627
"MBarangay 109, Manila",14.6184, 120.9641
"MBarangay 11, Manila",14.6018, 120.9656
"MBarangay 110, Manila",14.6161, 120.9591
"MBarangay 111, Manila",14.6175, 120.9637
"MBarangay 112, Manila",14.6174, 120.9624
"MBarangay 116, Manila",14.6157, 120.9624
"MBarangay 117, Manila",14.6162, 120.9640
"MBarangay 118, Manila",14.6129, 120.9606
"MBarangay 119, Manila",14.6140, 120.9625
"MBarangay 12, Manila",14.6008, 120.9652
"MBarangay 120, Manila",14.6131, 120.9623
"MBarangay 121, Manila",14.6123, 120.9642
"MBarangay 122, Manila",14.6150, 120.9640
"MBarangay 123, Manila",14.6104, 120.9602
"MBarangay 124, Manila",14.6324, 120.9651
"MBarangay 125, Manila",14.6343, 120.9662
"MBarangay 126, Manila",14.6333, 120.9637
"MBarangay 127, Manila",14.6348, 120.9647
"MBarangay 128, Manila",14.6325, 120.9524
"MBarangay 129, Manila",14.6300, 120.9639
"MBarangay 13, Manila",14.6030, 120.9660
"MBarangay 130, Manila",14.6289, 120.9636
"MBarangay 131, Manila",14.6314, 120.9655
"MBarangay 132, Manila",14.6285, 120.9671
"MBarangay 133, Manila",14.6275, 120.9645
"MBarangay 134, Manila",14.6292, 120.9657
"MBarangay 135, Manila",14.6340, 120.9696
"MBarangay 136, Manila",14.6311, 120.9687
"MBarangay 137, Manila",14.6293, 120.9680
"MBarangay 138, Manila",14.6328, 120.9664
"MBarangay 139, Manila",14.6308, 120.9682
"MBarangay 14, Manila",14.6025, 120.9668
"MBarangay 140, Manila",14.6310, 120.9671
"MBarangay 141, Manila",14.6318, 120.9678
"MBarangay 142, Manila",14.6334, 120.9670
"MBarangay 143, Manila",14.6315, 120.9706
"MBarangay 144, Manila",14.6313, 120.9697
"MBarangay 145, Manila",14.6327, 120.9697
"MBarangay 146, Manila",14.6335, 120.9680
"MBarangay 147, Manila",14.6237, 120.9678
"MBarangay 148, Manila",14.6246, 120.9684
"MBarangay 149, Manila",14.6209, 120.9710
"MBarangay 15, Manila",14.6029, 120.9649
"MBarangay 150, Manila",14.6211, 120.9688
"MBarangay 151, Manila",14.6193, 120.9703
"MBarangay 152, Manila",14.6223, 120.9742
"MBarangay 153, Manila",14.6225, 120.9730
"MBarangay 154, Manila",14.6195, 120.9721
"MBarangay 155, Manila",14.6212, 120.9741
"MBarangay 156, Manila",14.6181, 120.9726
"MBarangay 157, Manila",14.6193, 120.9735
"MBarangay 158, Manila",14.6208, 120.9725
"MBarangay 159, Manila",14.6195, 120.9744
"MBarangay 16, Manila",14.6022, 120.9652
"MBarangay 160, Manila",14.6204, 120.9739
"MBarangay 161, Manila",14.6281, 120.9748
"MBarangay 162, Manila",14.6270, 120.9745
"MBarangay 163, Manila",14.6242, 120.9740
"MBarangay 164, Manila",14.6252, 120.9742
"MBarangay 165, Manila",14.6259, 120.9745
"MBarangay 166, Manila",14.6259, 120.9722
"MBarangay 167, Manila",14.6246, 120.9719
"MBarangay 168, Manila",14.6263, 120.9702
"MBarangay 169, Manila",14.6250, 120.9700
"MBarangay 17, Manila",14.6016, 120.9637
"MBarangay 170, Manila",14.6270, 120.9692
"MBarangay 171, Manila",14.6260, 120.9684
"MBarangay 172, Manila",14.6278, 120.9682
"MBarangay 173, Manila",14.6284, 120.9728
"MBarangay 174, Manila",14.6272, 120.9725
"MBarangay 175, Manila",14.6293, 120.9706
"MBarangay 176, Manila",14.6283, 120.9698
"MBarangay 177, Manila",14.6344, 120.9728
"MBarangay 178, Manila",14.6334, 120.9740
"MBarangay 179, Manila",14.6298, 120.9734
"MBarangay 18, Manila",14.6006, 120.9638
"MBarangay 180, Manila",14.6301, 120.9717
"MBarangay 181, Manila",14.6310, 120.9734
"MBarangay 182, Manila",14.6323, 120.9715
"MBarangay 183, Manila",14.6324, 120.9735
"MBarangay 184, Manila",14.6341, 120.9757
"MBarangay 185, Manila",14.6294, 120.9750
"MBarangay 186, Manila",14.6315, 120.9754
"MBarangay 187, Manila",14.6359, 120.9816
"MBarangay 188, Manila",14.6357, 120.9804
"MBarangay 189, Manila",14.6368, 120.9808
"MBarangay 19, Manila",14.6024, 120.9636
"MBarangay 190, Manila",14.6374, 120.9801
"MBarangay 191, Manila",14.6373, 120.9815
"MBarangay 192, Manila",14.6387, 120.9798
"MBarangay 193, Manila",14.6349, 120.9799
"MBarangay 194, Manila",14.6351, 120.9787
"MBarangay 195, Manila",14.6343, 120.9790
"MBarangay 196, Manila",14.6348, 120.9810
"MBarangay 197, Manila",14.6340, 120.9806
"MBarangay 198, Manila",14.6310, 120.9768
"MBarangay 199, Manila",14.6342, 120.9773
"MBarangay 2, Manila",14.6051, 120.9675
"MBarangay 20, Manila",14.6063, 120.9505
"MBarangay 200, Manila",14.6332, 120.9769
"MBarangay 201, Manila",14.6316, 120.9790
"MBarangay 202, Manila",14.6333, 120.9789
"MBarangay 202-A, Manila",14.6329, 120.9803
"MBarangay 203, Manila",14.6287, 120.9781
"MBarangay 204, Manila",14.6279, 120.9766
"MBarangay 205, Manila",14.6301, 120.9786
"MBarangay 206, Manila",14.6300, 120.9804
"MBarangay 207, Manila",14.6281, 120.9810
"MBarangay 208, Manila",14.6295, 120.9821
"MBarangay 209, Manila",14.6249, 120.9816
"MBarangay 210, Manila",14.6260, 120.9826
"MBarangay 211, Manila",14.6266, 120.9813
"MBarangay 212, Manila",14.6265, 120.9794
"MBarangay 213, Manila",14.6248, 120.9766
"MBarangay 214, Manila",14.6258, 120.9761
"MBarangay 215, Manila",14.6263, 120.9778
"MBarangay 216, Manila",14.6245, 120.9779
"MBarangay 217, Manila",14.6250, 120.9756
"MBarangay 218, Manila",14.6225, 120.9754
"MBarangay 219, Manila",14.6244, 120.9788
"MBarangay 220, Manila",14.6240, 120.9809
"MBarangay 221, Manila",14.6208, 120.9761
"MBarangay 222, Manila",14.6188, 120.9762
"MBarangay 223, Manila",14.6203, 120.9784
"MBarangay 224, Manila",14.6219, 120.9787
"MBarangay 225, Manila",14.6180, 120.9784
"MBarangay 226, Manila",14.6181, 120.9779
"MBarangay 227, Manila",14.6220, 120.9771
"MBarangay 228, Manila",14.6220, 120.9758
"MBarangay 229, Manila",14.6182, 120.9773
"MBarangay 230, Manila",14.6182, 120.9768
"MBarangay 231, Manila",14.6203, 120.9773
"MBarangay 232, Manila",14.6184, 120.9750
"MBarangay 233, Manila",14.6177, 120.9760
"MBarangay 234, Manila",14.6163, 120.9752
"MBarangay 235, Manila",14.6152, 120.9766
"MBarangay 236, Manila",14.6154, 120.9749
"MBarangay 237, Manila",14.6146, 120.9747
"MBarangay 238, Manila",14.6092, 120.9754
"MBarangay 239, Manila",14.6134, 120.9758
"MBarangay 240, Manila",14.6072, 120.9750
"MBarangay 241, Manila",14.6124, 120.9738
"MBarangay 242, Manila",14.6087, 120.9747
"MBarangay 243, Manila",14.6116, 120.9748
"MBarangay 244, Manila",14.6111, 120.9752
"MBarangay 245, Manila",14.6088, 120.9741
"MBarangay 246, Manila",14.6115, 120.9758
"MBarangay 247, Manila",14.6075, 120.9739
"MBarangay 248, Manila",14.6099, 120.9744
"MBarangay 249, Manila",14.6160, 120.9776
"MBarangay 25, Manila",14.6040, 120.9655
"MBarangay 250, Manila",14.6100, 120.9768
"MBarangay 251, Manila",14.6146, 120.9776
"MBarangay 252, Manila",14.6144, 120.9770
"MBarangay 253, Manila",14.6145, 120.9781
"MBarangay 254, Manila",14.6119, 120.9771
"MBarangay 255, Manila",14.6143, 120.9787
"MBarangay 256, Manila",14.6159, 120.9786
"MBarangay 257, Manila",14.6113, 120.9785
"MBarangay 258, Manila",14.6123, 120.9785
"MBarangay 259, Manila",14.6074, 120.9762
"MBarangay 26, Manila",14.6054, 120.9651
"MBarangay 260, Manila",14.6065, 120.9782
"MBarangay 261, Manila",14.6099, 120.9801
"MBarangay 262, Manila",14.6091, 120.9786
"MBarangay 263, Manila",14.6080, 120.9790
"MBarangay 264, Manila",14.6102, 120.9790
"MBarangay 265, Manila",14.6113, 120.9798
"MBarangay 266, Manila",14.6066, 120.9773
"MBarangay 267, Manila",14.6124, 120.9796
"MBarangay 268, Manila",14.6041, 120.9714
"MBarangay 269, Manila",14.6038, 120.9698
"MBarangay 270, Manila",14.6015, 120.9684
"MBarangay 271, Manila",14.6019, 120.9703
"MBarangay 272, Manila",14.5998, 120.9676
"MBarangay 273, Manila",14.5992, 120.9677
"MBarangay 274, Manila",14.6007, 120.9667
"MBarangay 275, Manila",14.5985, 120.9648
"MBarangay 276, Manila",14.6011, 120.9675
"MBarangay 28, Manila",14.6039, 120.9631
"MBarangay 281, Manila",14.6000, 120.9714
"MBarangay 282, Manila",14.5974, 120.9731
"MBarangay 283, Manila",14.5974, 120.9686
"MBarangay 284, Manila",14.5978, 120.9699
"MBarangay 285, Manila",14.5980, 120.9710
"MBarangay 286, Manila",14.5972, 120.9672
"MBarangay 287, Manila",14.5992, 120.9741
"MBarangay 288, Manila",14.6007, 120.9747
"MBarangay 289, Manila",14.5991, 120.9755
"MBarangay 29, Manila",14.6033, 120.9615
"MBarangay 290, Manila",14.5993, 120.9776
"MBarangay 291, Manila",14.5977, 120.9782
"MBarangay 292, Manila",14.6039, 120.9751
"MBarangay 293, Manila",14.6040, 120.9731
"MBarangay 294, Manila",14.6046, 120.9765
"MBarangay 295, Manila",14.6029, 120.9770
"MBarangay 296, Manila",14.6023, 120.9757
"MBarangay 297, Manila",14.6012, 120.9775
"MBarangay 298, Manila",14.6003, 120.9790
"MBarangay 299, Manila",14.6036, 120.9785
"MBarangay 3, Manila",14.6058, 120.9682
"MBarangay 30, Manila",14.6039, 120.9611
"MBarangay 300, Manila",14.6020, 120.9779
"MBarangay 301, Manila",14.6021, 120.9798
"MBarangay 302, Manila",14.6019, 120.9790
"MBarangay 303, Manila",14.5992, 120.9804
"MBarangay 304, Manila",14.6031, 120.9814
"MBarangay 305, Manila",14.6024, 120.9804
"MBarangay 306, Manila",14.5971, 120.9822
"MBarangay 307, Manila",14.5992, 120.9828
"MBarangay 308, Manila",14.6021, 120.9842
"MBarangay 309, Manila",14.6021, 120.9827
"MBarangay 31, Manila",14.6048, 120.9640
"MBarangay 310, Manila",14.6047, 120.9837
"MBarangay 311, Manila",14.6069, 120.9847
"MBarangay 312, Manila",14.6063, 120.9828
"MBarangay 313, Manila",14.6046, 120.9804
"MBarangay 314, Manila",14.6062, 120.9804
"MBarangay 315, Manila",14.6084, 120.9846
"MBarangay 316, Manila",14.6087, 120.9827
"MBarangay 317, Manila",14.6113, 120.9853
"MBarangay 318, Manila",14.6102, 120.9847
"MBarangay 319, Manila",14.6102, 120.9856
"MBarangay 32, Manila",14.6036, 120.9643
"MBarangay 320, Manila",14.6114, 120.9834
"MBarangay 321, Manila",14.6103, 120.9828
"MBarangay 322, Manila",14.6102, 120.9838
"MBarangay 323, Manila",14.6125, 120.9854
"MBarangay 324, Manila",14.6125, 120.9839
"MBarangay 325, Manila",14.6126, 120.9830
"MBarangay 326, Manila",14.6104, 120.9809
"MBarangay 327, Manila",14.6121, 120.9809
"MBarangay 328, Manila",14.6093, 120.9808
"MBarangay 329, Manila",14.6072, 120.9808
"MBarangay 33, Manila",14.6061, 120.9636
"MBarangay 330, Manila",14.6077, 120.9800
"MBarangay 331, Manila",14.6149, 120.9811
"MBarangay 332, Manila",14.6092, 120.9818
"MBarangay 333, Manila",14.6104, 120.9819
"MBarangay 334, Manila",14.6116, 120.9820
"MBarangay 335, Manila",14.6071, 120.9816
"MBarangay 336, Manila",14.6161, 120.9837
"MBarangay 337, Manila",14.6149, 120.9837
"MBarangay 338, Manila",14.6146, 120.9856
"MBarangay 339, Manila",14.6136, 120.9836
"MBarangay 34, Manila",14.6059, 120.9628
"MBarangay 340, Manila",14.6137, 120.9855
"MBarangay 341, Manila",14.6164, 120.9855
"MBarangay 342, Manila",14.6138, 120.9875
"MBarangay 343, Manila",14.6153, 120.9881
"MBarangay 344, Manila",14.6173, 120.9841
"MBarangay 345, Manila",14.6199, 120.9838
"MBarangay 346, Manila",14.6188, 120.9838
"MBarangay 347, Manila",14.6212, 120.9839
"MBarangay 348, Manila",14.6221, 120.9839
"MBarangay 349, Manila",14.6222, 120.9859
"MBarangay 35, Manila",14.6063, 120.9648
"MBarangay 350, Manila",14.6199, 120.9862
"MBarangay 351, Manila",14.6201, 120.9883
"MBarangay 352, Manila",14.6171, 120.9883
"MBarangay 353, Manila",14.6174, 120.9814
"MBarangay 354, Manila",14.6187, 120.9814
"MBarangay 355, Manila",14.6180, 120.9793
"MBarangay 356, Manila",14.6222, 120.9820
"MBarangay 357, Manila",14.6213, 120.9822
"MBarangay 358, Manila",14.6200, 120.9821
"MBarangay 359, Manila",14.6225, 120.9803
"MBarangay 36, Manila",14.6075, 120.9641
"MBarangay 360, Manila",14.6212, 120.9804
"MBarangay 361, Manila",14.6199, 120.9808
"MBarangay 362, Manila",14.6201, 120.9795
"MBarangay 363, Manila",14.6236, 120.9838
"MBarangay 364, Manila",14.6233, 120.9860
"MBarangay 365, Manila",14.6232, 120.9846
"MBarangay 366, Manila",14.6248, 120.9837
"MBarangay 367, Manila",14.6247, 120.9855
"MBarangay 368, Manila",14.6215, 120.9885
"MBarangay 369, Manila",14.6230, 120.9871
"MBarangay 37, Manila",14.6073, 120.9621
"MBarangay 370, Manila",14.6247, 120.9873
"MBarangay 371, Manila",14.6234, 120.9884
"MBarangay 372, Manila",14.6307, 120.9891
"MBarangay 373, Manila",14.6302, 120.9835
"MBarangay 374, Manila",14.6305, 120.9822
"MBarangay 375, Manila",14.6292, 120.9833
"MBarangay 376, Manila",14.6265, 120.9877
"MBarangay 377, Manila",14.6277, 120.9854
"MBarangay 378, Manila",14.6287, 120.9845
"MBarangay 379, Manila",14.6259, 120.9862
"MBarangay 38, Manila",14.6056, 120.9623
"MBarangay 380, Manila",14.6263, 120.9854
"MBarangay 381, Manila",14.6261, 120.9840
"MBarangay 382, Manila",14.6278, 120.9837
"MBarangay 383, Manila",14.5972, 120.9847
"MBarangay 384, Manila",14.5959, 120.9842
"MBarangay 385, Manila",14.5958, 120.9875
"MBarangay 386, Manila",14.5949, 120.9897
"MBarangay 387, Manila",14.5972, 120.9876
"MBarangay 388, Manila",14.5978, 120.9881
"MBarangay 389, Manila",14.5983, 120.9904
"MBarangay 39, Manila",14.6061, 120.9599
"MBarangay 390, Manila",14.5994, 120.9896
"MBarangay 391, Manila",14.6012, 120.9855
"MBarangay 392, Manila",14.6013, 120.9871
"MBarangay 393, Manila",14.5986, 120.9868
"MBarangay 394, Manila",14.5997, 120.9850
"MBarangay 395, Manila",14.6035, 120.9868
"MBarangay 396, Manila",14.6046, 120.9887
"MBarangay 397, Manila",14.6063, 120.9902
"MBarangay 398, Manila",14.6057, 120.9915
"MBarangay 399, Manila",14.6049, 120.9905
"MBarangay 4, Manila",14.6073, 120.9668
"MBarangay 400, Manila",14.6034, 120.9907
"MBarangay 401, Manila",14.6042, 120.9922
"MBarangay 402, Manila",14.6022, 120.9922
"MBarangay 403, Manila",14.6018, 120.9912
"MBarangay 404, Manila",14.6022, 120.9895
"MBarangay 405, Manila",14.6050, 120.9938
"MBarangay 406, Manila",14.6057, 120.9941
"MBarangay 407, Manila",14.6038, 120.9947
"MBarangay 408, Manila",14.6043, 120.9953
"MBarangay 409, Manila",14.6020, 120.9972
"MBarangay 41, Manila",14.6084, 120.9627
"MBarangay 410, Manila",14.6007, 120.9972
"MBarangay 411, Manila",14.6027, 120.9969
"MBarangay 412, Manila",14.6008, 120.9946
"MBarangay 413, Manila",14.6016, 120.9950
"MBarangay 414, Manila",14.6024, 120.9952
"MBarangay 415, Manila",14.6029, 120.9938
"MBarangay 416, Manila",14.6014, 120.9930
"MBarangay 417, Manila",14.6041, 120.9999
"MBarangay 418, Manila",14.6025, 121.0005
"MBarangay 419, Manila",14.6034, 120.9988
"MBarangay 42, Manila",14.6084, 120.9633
"MBarangay 420, Manila",14.6015, 120.9993
"MBarangay 421, Manila",14.6042, 121.0032
"MBarangay 422, Manila",14.6053, 121.0025
"MBarangay 423, Manila",14.6045, 121.0013
"MBarangay 424, Manila",14.6028, 121.0016
"MBarangay 425, Manila",14.6026, 121.0033
"MBarangay 426, Manila",14.6022, 121.0069
"MBarangay 427, Manila",14.6032, 121.0045
"MBarangay 428, Manila",14.6039, 121.0046
"MBarangay 429, Manila",14.6071, 120.9959
"MBarangay 43, Manila",14.6088, 120.9620
"MBarangay 430, Manila",14.6061, 120.9945
"MBarangay 431, Manila",14.6067, 120.9951
"MBarangay 432, Manila",14.6063, 120.9975
"MBarangay 433, Manila",14.6042, 120.9961
"MBarangay 434, Manila",14.6056, 120.9960
"MBarangay 435, Manila",14.6046, 120.9968
"MBarangay 436, Manila",14.6049, 120.9992
"MBarangay 437, Manila",14.6060, 121.0007
"MBarangay 438, Manila",14.6066, 120.9994
"MBarangay 439, Manila",14.6062, 120.9988
"MBarangay 44, Manila",14.6086, 120.9600
"MBarangay 440, Manila",14.6082, 120.9990
"MBarangay 441, Manila",14.6092, 120.9980
"MBarangay 442, Manila",14.6098, 120.9986
"MBarangay 443, Manila",14.6087, 120.9996
"MBarangay 444, Manila",14.6077, 121.0006
"MBarangay 445, Manila",14.6071, 121.0000
"MBarangay 446, Manila",14.6067, 121.0016
"MBarangay 447, Manila",14.6087, 120.9974
"MBarangay 448, Manila",14.6076, 120.9983
"MBarangay 449, Manila",14.6082, 120.9968
"MBarangay 45, Manila",14.6080, 120.9649
"MBarangay 450, Manila",14.6118, 120.9968
"MBarangay 451, Manila",14.6110, 120.9963
"MBarangay 452, Manila",14.6109, 120.9953
"MBarangay 453, Manila",14.6098, 120.9964
"MBarangay 454, Manila",14.6102, 120.9945
"MBarangay 455, Manila",14.6091, 120.9956
"MBarangay 456, Manila",14.6089, 120.9944
"MBarangay 457, Manila",14.6075, 120.9928
"MBarangay 458, Manila",14.6059, 120.9927
"MBarangay 459, Manila",14.6074, 120.9915
"MBarangay 46, Manila",14.6089, 120.9639
"MBarangay 460, Manila",14.6083, 120.9931
"MBarangay 461, Manila",14.6086, 120.9940
"MBarangay 462, Manila",14.6059, 120.9873
"MBarangay 463, Manila",14.6070, 120.9866
"MBarangay 464, Manila",14.6059, 120.9860
"MBarangay 465, Manila",14.6080, 120.9876
"MBarangay 466, Manila",14.6087, 120.9867
"MBarangay 467, Manila",14.6076, 120.9870
"MBarangay 468, Manila",14.6065, 120.9881
"MBarangay 469, Manila",14.6070, 120.9887
"MBarangay 47, Manila",14.6091, 120.9654
"MBarangay 470, Manila",14.6101, 120.9895
"MBarangay 471, Manila",14.6112, 120.9871
"MBarangay 472, Manila",14.6142, 120.9944
"MBarangay 473, Manila",14.6131, 120.9954
"MBarangay 474, Manila",14.6150, 120.9932
"MBarangay 475, Manila",14.6128, 120.9946
"MBarangay 476, Manila",14.6125, 120.9937
"MBarangay 477, Manila",14.6141, 120.9921
"MBarangay 478, Manila",14.6122, 120.9926
"MBarangay 479, Manila",14.6110, 120.9926
"MBarangay 48, Manila",14.6084, 120.9714
"MBarangay 480, Manila",14.6134, 120.9913
"MBarangay 481, Manila",14.6127, 120.9906
"MBarangay 482, Manila",14.6175, 120.9895
"MBarangay 483, Manila",14.6183, 120.9902
"MBarangay 484, Manila",14.6194, 120.9895
"MBarangay 485, Manila",14.6172, 120.9912
"MBarangay 486, Manila",14.6164, 120.9903
"MBarangay 487, Manila",14.6162, 120.9922
"MBarangay 488, Manila",14.6153, 120.9913
"MBarangay 489, Manila",14.6144, 120.9903
"MBarangay 49, Manila",14.6069, 120.9709
"MBarangay 490, Manila",14.6142, 120.9892
"MBarangay 491, Manila",14.6159, 120.9895
"MBarangay 492, Manila",14.6240, 120.9903
"MBarangay 493, Manila",14.6249, 120.9898
"MBarangay 494, Manila",14.6222, 120.9923
"MBarangay 495, Manila",14.6231, 120.9912
"MBarangay 496, Manila",14.6215, 120.9939
"MBarangay 497, Manila",14.6220, 120.9899
"MBarangay 498, Manila",14.6207, 120.9929
"MBarangay 499, Manila",14.6191, 120.9911
"MBarangay 5, Manila",14.6081, 120.9664
"MBarangay 50, Manila",14.6135, 120.9723
"MBarangay 500, Manila",14.6206, 120.9906
"MBarangay 501, Manila",14.6199, 120.9920
"MBarangay 502, Manila",14.6146, 120.9971
"MBarangay 503, Manila",14.6139, 120.9963
"MBarangay 504, Manila",14.6156, 120.9960
"MBarangay 505, Manila",14.6149, 120.9951
"MBarangay 506, Manila",14.6168, 120.9951
"MBarangay 507, Manila",14.6160, 120.9942
"MBarangay 508, Manila",14.6178, 120.9940
"MBarangay 509, Manila",14.6170, 120.9932
"MBarangay 51, Manila",14.6108, 120.9720
"MBarangay 510, Manila",14.6189, 120.9930
"MBarangay 511, Manila",14.6181, 120.9921
"MBarangay 512, Manila",14.6173, 120.9996
"MBarangay 513, Manila",14.6170, 120.9979
"MBarangay 514, Manila",14.6188, 120.9951
"MBarangay 515, Manila",14.6193, 120.9970
"MBarangay 516, Manila",14.6209, 120.9952
"MBarangay 517, Manila",14.6154, 120.9979
"MBarangay 518, Manila",14.6198, 120.9941
"MBarangay 519, Manila",14.6165, 120.9969
"MBarangay 52, Manila",14.6139, 120.9714
"MBarangay 520, Manila",14.6178, 120.9962
"MBarangay 521, Manila",14.6120, 120.9981
"MBarangay 522, Manila",14.6127, 120.9984
"MBarangay 523, Manila",14.6131, 120.9992
"MBarangay 524, Manila",14.6136, 120.9991
"MBarangay 525, Manila",14.6135, 121.0005
"MBarangay 526, Manila",14.6144, 120.9998
"MBarangay 527, Manila",14.6140, 121.0025
"MBarangay 528, Manila",14.6153, 121.0002
"MBarangay 529, Manila",14.6142, 121.0016
"MBarangay 53, Manila",14.6152, 120.9727
"MBarangay 530, Manila",14.6160, 121.0009
"MBarangay 531, Manila",14.6155, 121.0024
"MBarangay 532, Manila",14.6129, 121.0015
"MBarangay 533, Manila",14.6131, 121.0026
"MBarangay 534, Manila",14.6121, 121.0032
"MBarangay 535, Manila",14.6117, 121.0021
"MBarangay 536, Manila",14.6128, 121.0041
"MBarangay 537, Manila",14.6140, 121.0036
"MBarangay 538, Manila",14.6137, 121.0046
"MBarangay 539, Manila",14.6110, 121.0036
"MBarangay 54, Manila",14.6166, 120.9731
"MBarangay 540, Manila",14.6129, 121.0055
"MBarangay 541, Manila",14.6124, 121.0063
"MBarangay 542, Manila",14.6094, 121.0003
"MBarangay 543, Manila",14.6105, 120.9993
"MBarangay 544, Manila",14.6086, 121.0005
"MBarangay 545, Manila",14.6088, 121.0022
"MBarangay 546, Manila",14.6079, 121.0029
"MBarangay 547, Manila",14.6112, 121.0010
"MBarangay 548, Manila",14.6111, 120.9997
"MBarangay 549, Manila",14.6098, 121.0036
"MBarangay 55, Manila",14.6168, 120.9716
"MBarangay 550, Manila",14.6084, 121.0013
"MBarangay 551, Manila",14.6073, 121.0024
"MBarangay 552, Manila",14.6089, 121.0033
"MBarangay 553, Manila",14.6093, 121.0017
"MBarangay 554, Manila",14.6101, 121.0011
"MBarangay 555, Manila",14.6114, 121.0080
"MBarangay 556, Manila",14.6110, 121.0077
"MBarangay 557, Manila",14.6104, 121.0079
"MBarangay 558, Manila",14.6110, 121.0066
"MBarangay 559, Manila",14.6104, 121.0068
"MBarangay 56, Manila",14.6105, 120.9704
"MBarangay 560, Manila",14.6099, 121.0096
"MBarangay 561, Manila",14.6100, 121.0065
"MBarangay 562, Manila",14.6096, 121.0062
"MBarangay 563, Manila",14.6093, 121.0059
"MBarangay 564, Manila",14.6090, 121.0057
"MBarangay 565, Manila",14.6080, 121.0062
"MBarangay 566, Manila",14.6080, 121.0080
"MBarangay 567, Manila",14.6076, 121.0058
"MBarangay 568, Manila",14.6091, 121.0089
"MBarangay 569, Manila",14.6050, 121.0079
"MBarangay 57, Manila",14.6107, 120.9688
"MBarangay 570, Manila",14.6043, 121.0061
"MBarangay 571, Manila",14.6051, 121.0055
"MBarangay 572, Manila",14.6061, 121.0063
"MBarangay 573, Manila",14.6071, 121.0039
"MBarangay 574, Manila",14.6062, 121.0048
"MBarangay 575, Manila",14.6070, 121.0053
"MBarangay 576, Manila",14.6053, 121.0042
"MBarangay 577, Manila",14.6079, 121.0043
"MBarangay 578, Manila",14.6039, 121.0091
"MBarangay 579, Manila",14.6028, 121.0092
"MBarangay 58, Manila",14.6124, 120.9704
"MBarangay 580, Manila",14.6041, 121.0073
"MBarangay 581, Manila",14.6055, 121.0100
"MBarangay 582, Manila",14.6091, 121.0107
"MBarangay 583, Manila",14.6086, 121.0100
"MBarangay 584, Manila",14.6075, 121.0113
"MBarangay 585, Manila",14.6043, 121.0133
"MBarangay 586, Manila",14.6050, 121.0155
"MBarangay 587, Manila",14.6011, 121.0140
"MBarangay 587-A, Manila",14.6020, 121.0155
"MBarangay 588, Manila",14.6007, 121.0160
"MBarangay 589, Manila",14.5989, 121.0166
"MBarangay 59, Manila",14.6129, 120.9693
"MBarangay 590, Manila",14.5981, 121.0144
"MBarangay 591, Manila",14.5991, 121.0153
"MBarangay 592, Manila",14.6006, 121.0122
"MBarangay 593, Manila",14.6012, 121.0108
"MBarangay 594, Manila",14.6034, 121.0172
"MBarangay 595, Manila",14.6026, 121.0184
"MBarangay 596, Manila",14.6013, 121.0172
"MBarangay 597, Manila",14.6010, 121.0187
"MBarangay 598, Manila",14.6002, 121.0205
"MBarangay 599, Manila",14.5997, 121.0180
"MBarangay 6, Manila",14.6092, 120.9678
"MBarangay 60, Manila",14.6135, 120.9705
"MBarangay 600, Manila",14.5982, 121.0196
"MBarangay 601, Manila",14.5981, 121.0227
"MBarangay 602, Manila",14.5962, 121.0230
"MBarangay 603, Manila",14.5965, 121.0175
"MBarangay 604, Manila",14.5941, 121.0220
"MBarangay 605, Manila",14.5952, 121.0203
"MBarangay 606, Manila",14.5946, 121.0228
"MBarangay 607, Manila",14.5936, 121.0248
"MBarangay 608, Manila",14.5919, 121.0229
"MBarangay 609, Manila",14.5916, 121.0207
"MBarangay 61, Manila",14.6159, 120.9704
"MBarangay 610, Manila",14.5932, 121.0182
"MBarangay 611, Manila",14.5953, 121.0165
"MBarangay 612, Manila",14.5938, 121.0215
"MBarangay 613, Manila",14.5937, 121.0194
"MBarangay 614, Manila",14.5944, 121.0178
"MBarangay 615, Manila",14.5952, 121.0188
"MBarangay 616, Manila",14.5945, 121.0185
"MBarangay 617, Manila",14.5924, 121.0222
"MBarangay 618, Manila",14.5910, 121.0228
"MBarangay 619, Manila",14.5921, 121.0176
"MBarangay 62, Manila",14.6114, 120.9672
"MBarangay 620, Manila",14.5900, 121.0206
"MBarangay 621, Manila",14.5959, 121.0143
"MBarangay 622, Manila",14.5910, 121.0185
"MBarangay 623, Manila",14.5894, 121.0193
"MBarangay 624, Manila",14.5905, 121.0191
"MBarangay 625, Manila",14.5893, 121.0176
"MBarangay 626, Manila",14.6008, 121.0053
"MBarangay 627, Manila",14.6009, 121.0071
"MBarangay 628, Manila",14.5985, 121.0057
"MBarangay 629, Manila",14.6009, 121.0092
"MBarangay 63, Manila",14.6120, 120.9680
"MBarangay 630, Manila",14.5971, 121.0104
"MBarangay 631, Manila",14.6003, 121.0038
"MBarangay 632, Manila",14.6003, 121.0028
"MBarangay 633, Manila",14.5998, 121.0024
"MBarangay 634, Manila",14.6004, 121.0006
"MBarangay 635, Manila",14.5980, 120.9998
"MBarangay 636, Manila",14.5974, 121.0014
"MBarangay 637, Manila",14.5995, 120.9971
"MBarangay 638, Manila",14.5987, 120.9944
"MBarangay 639, Manila",14.5966, 120.9961
"MBarangay 64, Manila",14.6104, 120.9673
"MBarangay 640, Manila",14.5982, 120.9974
"MBarangay 641, Manila",14.5982, 120.9920
"MBarangay 642, Manila",14.5958, 120.9927
"MBarangay 643, Manila",14.5945, 120.9936
"MBarangay 644, Manila",14.5935, 120.9921
"MBarangay 645, Manila",14.5928, 120.9910
"MBarangay 646, Manila",14.5928, 120.9886
"MBarangay 647, Manila",14.5935, 120.9847
"MBarangay 648, Manila",14.5936, 120.9869
"MBarangay 649, Manila",14.5842, 120.9633
"MBarangay 65, Manila",14.6133, 120.9684
"MBarangay 650, Manila",14.5893, 120.9687
"MBarangay 651, Manila",14.5875, 120.9701
"MBarangay 652, Manila",14.5854, 120.9712
"MBarangay 653, Manila",14.5834, 120.9727
"MBarangay 654, Manila",14.5924, 120.9768
"MBarangay 655, Manila",14.5908, 120.9738
"MBarangay 656, Manila",14.5932, 120.9714
"MBarangay 657, Manila",14.5865, 120.9773
"MBarangay 658, Manila",14.5897, 120.9774
"MBarangay 659, Manila",14.5884, 120.9829
"MBarangay 659-A, Manila",14.5935, 120.9812
"MBarangay 66, Manila",14.6135, 120.9647
"MBarangay 660, Manila",14.5872, 120.9844
"MBarangay 660-A, Manila",14.5841, 120.9852
"MBarangay 661, Manila",14.5881, 120.9880
"MBarangay 662, Manila",14.5882, 120.9929
"MBarangay 663, Manila",14.5896, 120.9867
"MBarangay 663-A, Manila",14.5907, 120.9887
"MBarangay 664, Manila",14.5853, 120.9878
"MBarangay 664-A, Manila",14.5876, 120.9916
"MBarangay 666, Manila",14.5832, 120.9801
"MBarangay 667, Manila",14.5784, 120.9796
"MBarangay 668, Manila",14.5749, 120.9815
"MBarangay 669, Manila",14.5768, 120.9851
"MBarangay 67, Manila",14.6143, 120.9652
"MBarangay 670, Manila",14.5802, 120.9836
"MBarangay 671, Manila",14.5818, 120.9932
"MBarangay 672, Manila",14.5833, 120.9918
"MBarangay 673, Manila",14.5796, 120.9919
"MBarangay 674, Manila",14.5819, 120.9887
"MBarangay 675, Manila",14.5776, 120.9901
"MBarangay 676, Manila",14.5795, 120.9884
"MBarangay 677, Manila",14.5832, 120.9941
"MBarangay 678, Manila",14.5831, 120.9958
"MBarangay 679, Manila",14.5799, 120.9943
"MBarangay 68, Manila",14.6130, 120.9651
"MBarangay 680, Manila",14.5810, 120.9962
"MBarangay 681, Manila",14.5794, 120.9963
"MBarangay 682, Manila",14.5807, 120.9985
"MBarangay 683, Manila",14.5774, 120.9957
"MBarangay 684, Manila",14.5774, 120.9947
"MBarangay 685, Manila",14.5774, 120.9967
"MBarangay 686, Manila",14.5764, 120.9946
"MBarangay 687, Manila",14.5767, 120.9932
"MBarangay 688, Manila",14.5747, 120.9936
"MBarangay 689, Manila",14.5737, 120.9928
"MBarangay 69, Manila",14.6107, 120.9648
"MBarangay 690, Manila",14.5740, 120.9917
"MBarangay 691, Manila",14.5727, 120.9925
"MBarangay 692, Manila",14.5720, 120.9915
"MBarangay 693, Manila",14.5734, 120.9907
"MBarangay 694, Manila",14.5753, 120.9901
"MBarangay 695, Manila",14.5763, 120.9918
"MBarangay 696, Manila",14.5738, 120.9887
"MBarangay 697, Manila",14.5731, 120.9872
"MBarangay 698, Manila",14.5723, 120.9858
"MBarangay 699, Manila",14.5714, 120.9834
"MBarangay 7, Manila",14.6064, 120.9690
"MBarangay 70, Manila",14.6115, 120.9650
"MBarangay 700, Manila",14.5690, 120.9852
"MBarangay 701, Manila",14.5666, 120.9859
"MBarangay 702, Manila",14.5700, 120.9876
"MBarangay 703, Manila",14.5708, 120.9899
"MBarangay 704, Manila",14.5678, 120.9880
"MBarangay 705, Manila",14.5684, 120.9888
"MBarangay 706, Manila",14.5690, 120.9898
"MBarangay 707, Manila",14.5681, 120.9903
"MBarangay 708, Manila",14.5664, 120.9922
"MBarangay 709, Manila",14.5678, 120.9923
"MBarangay 71, Manila",14.6114, 120.9661
"MBarangay 710, Manila",14.5674, 120.9901
"MBarangay 711, Manila",14.5667, 120.9905
"MBarangay 712, Manila",14.5676, 120.9912
"MBarangay 713, Manila",14.5662, 120.9914
"MBarangay 714, Manila",14.5691, 120.9910
"MBarangay 715, Manila",14.5659, 120.9907
"MBarangay 716, Manila",14.5657, 120.9913
"MBarangay 717, Manila",14.5657, 120.9919
"MBarangay 718, Manila",14.5652, 120.9916
"MBarangay 719, Manila",14.5622, 120.9903
"MBarangay 72, Manila",14.6111, 120.9633
"MBarangay 720, Manila",14.5640, 120.9899
"MBarangay 721, Manila",14.5651, 120.9885
"MBarangay 722, Manila",14.5722, 120.9939
"MBarangay 723, Manila",14.5712, 120.9931
"MBarangay 724, Manila",14.5697, 120.9941
"MBarangay 725, Manila",14.5683, 120.9930
"MBarangay 726, Manila",14.5673, 120.9952
"MBarangay 727, Manila",14.5659, 120.9955
"MBarangay 728, Manila",14.5641, 120.9962
"MBarangay 729, Manila",14.5621, 120.9960
"MBarangay 73, Manila",14.6106, 120.9638
"MBarangay 730, Manila",14.5627, 120.9975
"MBarangay 731, Manila",14.5705, 120.9966
"MBarangay 732, Manila",14.5700, 120.9975
"MBarangay 733, Manila",14.5672, 120.9970
"MBarangay 734, Manila",14.5764, 120.9970
"MBarangay 735, Manila",14.5750, 120.9975
"MBarangay 736, Manila",14.5750, 120.9961
"MBarangay 737, Manila",14.5740, 120.9980
"MBarangay 738, Manila",14.5731, 120.9982
"MBarangay 739, Manila",14.5716, 120.9980
"MBarangay 74, Manila",14.6135, 120.9664
"MBarangay 740, Manila",14.5731, 120.9964
"MBarangay 741, Manila",14.5743, 120.9964
"MBarangay 742, Manila",14.5739, 120.9955
"MBarangay 743, Manila",14.5728, 120.9950
"MBarangay 744, Manila",14.5700, 120.9958
"MBarangay 745, Manila",14.5677, 120.9985
"MBarangay 746, Manila",14.5667, 120.9986
"MBarangay 747, Manila",14.5699, 121.0006
"MBarangay 748, Manila",14.5688, 121.0004
"MBarangay 749, Manila",14.5684, 121.0014
"MBarangay 75, Manila",14.6133, 120.9673
"MBarangay 750, Manila",14.5712, 120.9997
"MBarangay 751, Manila",14.5701, 120.9990
"MBarangay 752, Manila",14.5679, 120.9999
"MBarangay 753, Manila",14.5694, 120.9983
"MBarangay 754, Manila",14.5686, 120.9981
"MBarangay 755, Manila",14.5630, 120.9991
"MBarangay 756, Manila",14.5639, 121.0001
"MBarangay 757, Manila",14.5648, 121.0010
"MBarangay 758, Manila",14.5654, 121.0019
"MBarangay 759, Manila",14.5668, 121.0018
"MBarangay 76, Manila",14.6149, 120.9676
"MBarangay 760, Manila",14.5662, 121.0006
"MBarangay 761, Manila",14.5656, 120.9993
"MBarangay 762, Manila",14.5650, 120.9981
"MBarangay 763, Manila",14.5688, 121.0047
"MBarangay 764, Manila",14.5673, 121.0034
"MBarangay 765, Manila",14.5698, 121.0057
"MBarangay 766, Manila",14.5706, 121.0065
"MBarangay 767, Manila",14.5714, 121.0049
"MBarangay 768, Manila",14.5701, 121.0036
"MBarangay 769, Manila",14.5690, 121.0025
"MBarangay 77, Manila",14.6157, 120.9678
"MBarangay 770, Manila",14.5731, 121.0086
"MBarangay 771, Manila",14.5738, 121.0049
"MBarangay 772, Manila",14.5739, 121.0063
"MBarangay 773, Manila",14.5744, 121.0068
"MBarangay 774, Manila",14.5755, 121.0065
"MBarangay 775, Manila",14.5719, 121.0067
"MBarangay 776, Manila",14.5751, 121.0094
"MBarangay 777, Manila",14.5766, 121.0074
"MBarangay 778, Manila",14.5737, 121.0103
"MBarangay 779, Manila",14.5748, 121.0083
"MBarangay 78, Manila",14.6143, 120.9688
"MBarangay 780, Manila",14.5769, 121.0097
"MBarangay 781, Manila",14.5778, 121.0088
"MBarangay 782, Manila",14.5760, 121.0103
"MBarangay 783, Manila",14.5751, 121.0112
"MBarangay 784, Manila",14.5765, 121.0027
"MBarangay 785, Manila",14.5751, 121.0043
"MBarangay 786, Manila",14.5753, 121.0030
"MBarangay 787, Manila",14.5770, 121.0038
"MBarangay 788, Manila",14.5781, 121.0033
"MBarangay 789, Manila",14.5784, 121.0043
"MBarangay 79, Manila",14.6160, 120.9653
"MBarangay 790, Manila",14.5773, 121.0053
"MBarangay 791, Manila",14.5778, 121.0064
"MBarangay 792, Manila",14.5787, 121.0065
"MBarangay 793, Manila",14.5794, 121.0070
"MBarangay 794, Manila",14.5754, 121.0018
"MBarangay 795, Manila",14.5755, 121.0011
"MBarangay 796, Manila",14.5753, 121.0005
"MBarangay 797, Manila",14.5747, 121.0009
"MBarangay 798, Manila",14.5738, 121.0004
"MBarangay 799, Manila",14.5741, 120.9995
"MBarangay 8, Manila",14.6087, 120.9701
"MBarangay 80, Manila",14.6153, 120.9653
"MBarangay 800, Manila",14.5748, 120.9988
"MBarangay 801, Manila",14.5742, 121.0028
"MBarangay 802, Manila",14.5734, 121.0020
"MBarangay 803, Manila",14.5721, 121.0009
"MBarangay 804, Manila",14.5729, 121.0040
"MBarangay 805, Manila",14.5721, 121.0034
"MBarangay 806, Manila",14.5714, 121.0025
"MBarangay 807, Manila",14.5705, 121.0015
"MBarangay 808, Manila",14.5772, 120.9987
"MBarangay 809, Manila",14.5768, 121.0000
"MBarangay 81, Manila",14.6153, 120.9664
"MBarangay 810, Manila",14.5759, 120.9992
"MBarangay 811, Manila",14.5773, 120.9978
"MBarangay 812, Manila",14.5778, 121.0021
"MBarangay 813, Manila",14.5775, 121.0007
"MBarangay 814, Manila",14.5797, 121.0014
"MBarangay 815, Manila",14.5800, 121.0007
"MBarangay 816, Manila",14.5793, 121.0026
"MBarangay 817, Manila",14.5790, 121.0017
"MBarangay 818, Manila",14.5815, 121.0036
"MBarangay 818-A, Manila",14.5815, 121.0047
"MBarangay 819, Manila",14.5802, 121.0041
"MBarangay 82, Manila",14.6167, 120.9665
"MBarangay 820, Manila",14.5806, 121.0028
"MBarangay 821, Manila",14.5829, 120.9984
"MBarangay 822, Manila",14.5839, 120.9992
"MBarangay 823, Manila",14.5832, 121.0001
"MBarangay 824, Manila",14.5821, 120.9992
"MBarangay 825, Manila",14.5807, 121.0002
"MBarangay 826, Manila",14.5851, 120.9986
"MBarangay 827, Manila",14.5849, 120.9963
"MBarangay 828, Manila",14.5869, 120.9982
"MBarangay 829, Manila",14.5899, 120.9959
"MBarangay 83, Manila",14.6181, 120.9668
"MBarangay 830, Manila",14.5934, 120.9991
"MBarangay 831, Manila",14.5883, 120.9974
"MBarangay 832, Manila",14.5914, 121.0013
"MBarangay 833, Manila",14.5949, 121.0038
"MBarangay 834, Manila",14.5944, 121.0075
"MBarangay 835, Manila",14.5918, 121.0077
"MBarangay 836, Manila",14.5941, 121.0112
"MBarangay 837, Manila",14.5923, 121.0135
"MBarangay 838, Manila",14.5925, 121.0114
"MBarangay 839, Manila",14.5911, 121.0143
"MBarangay 84, Manila",14.6175, 120.9668
"MBarangay 840, Manila",14.5915, 121.0113
"MBarangay 841, Manila",14.5858, 120.9999
"MBarangay 842, Manila",14.5867, 121.0011
"MBarangay 843, Manila",14.5878, 120.9993
"MBarangay 844, Manila",14.5884, 121.0003
"MBarangay 845, Manila",14.5887, 121.0015
"MBarangay 846, Manila",14.5892, 121.0023
"MBarangay 847, Manila",14.5904, 121.0032
"MBarangay 848, Manila",14.5917, 121.0041
"MBarangay 849, Manila",14.5844, 121.0003
"MBarangay 85, Manila",14.6174, 120.9652
"MBarangay 850, Manila",14.5849, 121.0010
"MBarangay 851, Manila",14.5845, 121.0019
"MBarangay 852, Manila",14.5838, 121.0011
"MBarangay 853, Manila",14.5832, 121.0009
"MBarangay 855, Manila",14.5846, 121.0028
"MBarangay 856, Manila",14.5879, 121.0026
"MBarangay 857, Manila",14.5859, 121.0037
"MBarangay 858, Manila",14.5883, 121.0034
"MBarangay 859, Manila",14.5879, 121.0039
"MBarangay 86, Manila",14.6170, 120.9697
"MBarangay 860, Manila",14.5894, 121.0068
"MBarangay 861, Manila",14.5904, 121.0070
"MBarangay 862, Manila",14.5881, 121.0055
"MBarangay 863, Manila",14.5894, 121.0049
"MBarangay 864, Manila",14.5869, 121.0049
"MBarangay 865, Manila",14.5885, 121.0092
"MBarangay 866, Manila",14.5830, 121.0069
"MBarangay 867, Manila",14.5840, 121.0051
"MBarangay 868, Manila",14.5846, 121.0042
"MBarangay 869, Manila",14.5804, 121.0051
"MBarangay 87, Manila",14.6174, 120.9683
"MBarangay 870, Manila",14.5827, 121.0050
"MBarangay 871, Manila",14.5827, 121.0038
"MBarangay 872, Manila",14.5830, 121.0027
"MBarangay 873, Manila",14.5798, 121.0122
"MBarangay 874, Manila",14.5769, 121.0118
"MBarangay 875, Manila",14.5785, 121.0124
"MBarangay 876, Manila",14.5815, 121.0113
"MBarangay 877, Manila",14.5798, 121.0095
"MBarangay 878, Manila",14.5790, 121.0099
"MBarangay 879, Manila",14.5820, 121.0126
"MBarangay 88, Manila",14.6153, 120.9691
"MBarangay 880, Manila",14.5811, 121.0091
"MBarangay 881, Manila",14.5768, 121.0131
"MBarangay 882, Manila",14.5781, 121.0145
"MBarangay 883, Manila",14.5793, 121.0152
"MBarangay 884, Manila",14.5806, 121.0153
"MBarangay 885, Manila",14.5824, 121.0148
"MBarangay 886, Manila",14.5830, 121.0162
"MBarangay 887, Manila",14.5832, 121.0172
"MBarangay 888, Manila",14.5847, 121.0189
"MBarangay 889, Manila",14.5838, 121.0138
"MBarangay 89, Manila",14.6164, 120.9680
"MBarangay 890, Manila",14.5849, 121.0161
"MBarangay 891, Manila",14.5857, 121.0182
"MBarangay 892, Manila",14.5872, 121.0210
"MBarangay 893, Manila",14.5908, 121.0239
"MBarangay 894, Manila",14.5878, 121.0202
"MBarangay 895, Manila",14.5886, 121.0214
"MBarangay 896, Manila",14.5873, 121.0151
"MBarangay 897, Manila",14.5874, 121.0177
"MBarangay 898, Manila",14.5877, 121.0125
"MBarangay 899, Manila",14.5871, 121.0111
"MBarangay 9, Manila",14.6072, 120.9700
"MBarangay 90, Manila",14.6159, 120.9693
"MBarangay 900, Manila",14.5837, 121.0114
"MBarangay 901, Manila",14.5871, 121.0106
"MBarangay 902, Manila",14.5870, 121.0103
"MBarangay 903, Manila",14.5868, 121.0097
"MBarangay 904, Manila",14.5855, 121.0112
"MBarangay 905, Manila",14.5849, 121.0088
"MBarangay 91, Manila",14.6187, 120.9684
"MBarangay 92, Manila",14.6190, 120.9666
"MBarangay 93, Manila",14.6204, 120.9667
"MBarangay 94, Manila",14.6232, 120.9659
"MBarangay 95, Manila",14.6196, 120.9649
"MBarangay 96, Manila",14.6245, 120.9638
"MBarangay 97, Manila",14.6214, 120.9644
"MBarangay 98, Manila",14.6275, 120.9621
"MBarangay 99, Manila",14.6273, 120.9629
"Barangka, Marikina",14.6327, 121.0821
"Calumpang, Marikina",14.6238, 121.0928
"Concepcion Dos, Marikina",14.6386, 121.1117
"Concepcion Uno, Marikina",14.6497, 121.1020
"Fortune, Marikina",14.6632,121.1274
"Industrial Valley, Marikina",14.6271,121.0800
"Jesus de La Pena, Marikina",14.6367,121.0910
"Malanday, Marikina",14.6500,121.0941
"Marikina Heights, Marikina",14.6501,121.1170
"Nangka, Marikina",14.6726,121.1092
"Parang, Marikina",14.6590,121.1123
"San Roque, Marikina",14.6281,121.0984
"Santa Elena, Marikina",14.6328,121.0977
"Santo Nino, Marikina",14.6367,121.0973
"Tanong, Marikina",14.6344,121.0867
"Tumana, Marikina",14.6562,121.0973
"Alabang, Muntinlupa",14.4192, 121.0449
"Bayanan, Muntinlupa",14.4101, 121.0501
"Buli, Muntinlupa",14.4430, 121.0505
"Cupang, Muntinlupa",14.4381, 121.0504
"New Alabang Village, Muntinlupa",14.4103, 121.0237
"Poblacion, Muntinlupa",14.3892, 121.0448
"Putatan, Muntinlupa",14.3948, 121.0480
"Sucat, Muntinlupa",14.4570, 121.0531
"Tunasan, Muntinlupa",14.3768, 121.0480
"Bagumbayan North, Navotas",14.6524, 120.9489
"Bagumbayan South, Navotas",14.6511, 120.9505
"Bangculasi, Navotas",14.6502, 120.9522
"Daanghari, Navotas",14.6668, 120.9406
"Navotas East, Navotas",14.6549, 120.9487
"Navotas West, Navotas",14.6546, 120.9480
"NBBS Dagat-dagatan, Navotas",14.6486, 120.9575
"NBBS Kaunlaran, Navotas",14.6444, 120.9566
"NBBS Proper, Navotas",14.6427, 120.9544
"North Bay Boulevard North, Navotas",14.6477, 120.9503
"San Jose, Navotas",14.6627, 120.9455
"San Rafael Village, Navotas",14.6368, 120.9640
"San Roque, Navotas",14.6715, 120.9398
"Sipac-Almacen, Navotas",14.6576, 120.9458
"Tangos North, Navotas",14.6748, 120.9331
"Tangos South, Navotas",14.6715, 120.9340
"Tanza 1, Navotas",14.6789, 120.9365
"Tanza 2, Navotas",14.6742, 120.9395
"B. F. Homes, Paranaque",14.4463, 121.0275
"Baclaran, Paranaque",14.5316, 120.9978
"Don Bosco, Paranaque",14.4818, 121.0250
"Don Galo, Paranaque",14.5053, 120.9912
"La Huerta, Paranaque",14.5005, 120.9914
"Marcelo Green Village, Paranaque",14.4762, 121.0407
"Merville, Paranaque",14.4999, 121.0263
"Moonwalk, Paranaque",14.4952, 121.0107
"San Antonio, Paranaque",14.4695, 121.0240
"San Dionisio, Paranaque",14.4959, 120.9893
"San Isidro, Paranaque",14.4710, 121.0078
"San Martin de Porres, Paranaque",14.4945, 121.0438
"Santo Nino, Paranaque",14.5032, 120.9964
"Sun Valley, Paranaque",14.4898, 121.0326
"Tambo, Paranaque",14.5151, 120.9939
"Vitalez, Paranaque",14.5079, 121.0061
"PBarangay 1, Pasay",14.5585, 120.9887
"PBarangay 10, Pasay",14.5521, 120.9910
"PBarangay 100, Pasay",14.5421, 121.0022
"PBarangay 101, Pasay",14.5434, 121.0020
"PBarangay 102, Pasay",14.5440, 121.0020
"PBarangay 103, Pasay",14.5452, 121.0036
"PBarangay 104, Pasay",14.5450, 121.0019
"PBarangay 105, Pasay",14.5457, 121.0018
"PBarangay 106, Pasay",14.5462, 121.0018
"PBarangay 107, Pasay",14.5473, 121.0015
"PBarangay 108, Pasay",14.5475, 121.0032
"PBarangay 109, Pasay",14.5467, 121.0034
"PBarangay 11, Pasay",14.5513, 120.9912
"PBarangay 110, Pasay",14.5461, 121.0035
"PBarangay 111, Pasay",14.5442, 121.0036
"PBarangay 112, Pasay",14.5435, 121.0037
"PBarangay 113, Pasay",14.5416, 121.0034
"PBarangay 114, Pasay",14.5429, 121.0048
"PBarangay 115, Pasay",14.5415, 121.0049
"PBarangay 116, Pasay",14.5404, 121.0043
"PBarangay 117, Pasay",14.5404, 121.0053
"PBarangay 118, Pasay",14.5389, 121.0037
"PBarangay 119, Pasay",14.5391, 121.0047
"PBarangay 12, Pasay",14.5507, 120.9914
"PBarangay 120, Pasay",14.5486, 121.0048
"PBarangay 121, Pasay",14.5474, 121.0053
"PBarangay 122, Pasay",14.5463, 121.0049
"PBarangay 123, Pasay",14.5465, 121.0058
"PBarangay 124, Pasay",14.5455, 121.0054
"PBarangay 125, Pasay",14.5443, 121.0055
"PBarangay 126, Pasay",14.5435, 121.0054
"PBarangay 127, Pasay",14.5491, 121.0060
"PBarangay 128, Pasay",14.5492, 121.0070
"PBarangay 129, Pasay",14.5476, 121.0067
"PBarangay 13, Pasay",14.5479, 120.9920
"PBarangay 130, Pasay",14.5480, 121.0081
"PBarangay 131, Pasay",14.5458, 121.0069
"PBarangay 132, Pasay",14.5465, 121.0080
"PBarangay 133, Pasay",14.5439, 121.0069
"PBarangay 134, Pasay",14.5451, 121.0081
"PBarangay 135, Pasay",14.5438, 121.0085
"PBarangay 136, Pasay",14.5424, 121.0071
"PBarangay 137, Pasay",14.5422, 121.0088
"PBarangay 138, Pasay",14.5415, 121.0069
"PBarangay 139, Pasay",14.5407, 121.0067
"PBarangay 14, Pasay",14.5585, 120.9913
"PBarangay 140, Pasay",14.5401, 121.0064
"PBarangay 141, Pasay",14.5392, 121.0060
"PBarangay 142, Pasay",14.5384, 121.0057
"PBarangay 143, Pasay",14.5398, 121.0077
"PBarangay 144, Pasay",14.5395, 121.0096
"PBarangay 145, Pasay",14.5341, 120.9991
"PBarangay 146, Pasay",14.5365, 121.0010
"PBarangay 147, Pasay",14.5367, 121.0026
"PBarangay 148, Pasay",14.5335, 121.0027
"PBarangay 149, Pasay",14.5349, 121.0037
"PBarangay 15, Pasay",14.5593, 120.9919
"PBarangay 150, Pasay",14.5369, 121.0037
"PBarangay 151, Pasay",14.5372, 121.0048
"PBarangay 152, Pasay",14.5374, 121.0066
"PBarangay 153, Pasay",14.5363, 121.0050
"PBarangay 154, Pasay",14.5356, 121.0045
"PBarangay 155, Pasay",14.5346, 121.0049
"PBarangay 156, Pasay",14.5331, 121.0043
"PBarangay 157, Pasay",14.5360, 121.0062
"PBarangay 158, Pasay",14.5372, 121.0079
"PBarangay 159, Pasay",14.5378, 121.0096
"PBarangay 16, Pasay",14.5579, 120.9919
"PBarangay 160, Pasay",14.5370, 121.0095
"PBarangay 161, Pasay",14.5356, 121.0087
"PBarangay 162, Pasay",14.5348, 121.0076
"PBarangay 163, Pasay",14.5340, 121.0077
"PBarangay 164, Pasay",14.5336, 121.0074
"PBarangay 165, Pasay",14.5335, 121.0062
"PBarangay 166, Pasay",14.5364, 121.0104
"PBarangay 167, Pasay",14.5333, 121.0090
"PBarangay 168, Pasay",14.5316, 121.0084
"PBarangay 169, Pasay",14.5381, 121.0121
"PBarangay 17, Pasay",14.5585, 120.9929
"PBarangay 170, Pasay",14.5369, 121.0120
"PBarangay 171, Pasay",14.5361, 121.0118
"PBarangay 172, Pasay",14.5351, 121.0114
"PBarangay 173, Pasay",14.5341, 121.0116
"PBarangay 174, Pasay",14.5336, 121.0108
"PBarangay 175, Pasay",14.5331, 121.0105
"PBarangay 176, Pasay",14.5324, 121.0118
"PBarangay 177, Pasay",14.5316, 121.0111
"PBarangay 178, Pasay",14.5306, 121.0056
"PBarangay 179, Pasay",14.5307, 121.0076
"PBarangay 18, Pasay",14.5568, 120.9919
"PBarangay 180, Pasay",14.5303, 121.0117
"PBarangay 181, Pasay",14.5300, 121.0113
"PBarangay 182, Pasay",14.5309, 121.0099
"PBarangay 183, Pasay",14.5191, 121.0196
"PBarangay 184, Pasay",14.5287, 121.0079
"PBarangay 185, Pasay",14.5274, 121.0110
"PBarangay 186, Pasay",14.5314, 121.0051
"PBarangay 187, Pasay",14.5335, 121.0006
"PBarangay 188, Pasay",14.5318, 121.0016
"PBarangay 189, Pasay",14.5319, 121.0004
"PBarangay 19, Pasay",14.5571, 120.9933
"PBarangay 190, Pasay",14.5304, 121.0020
"PBarangay 191, Pasay",14.5203, 121.0046
"PBarangay 192, Pasay",14.5157, 121.0020
"PBarangay 193, Pasay",14.5128, 121.0017
"PBarangay 194, Pasay",14.5125, 121.0028
"PBarangay 195, Pasay",14.5134, 121.0053
"PBarangay 196, Pasay",14.5108, 121.0040
"PBarangay 197, Pasay",14.5094, 121.0140
"PBarangay 198, Pasay",14.5109, 121.0032
"PBarangay 199, Pasay",14.5092, 121.0010
"PBarangay 2, Pasay",14.5577, 120.9892
"PBarangay 20, Pasay",14.5555, 120.9923
"PBarangay 200, Pasay",14.5080, 121.0006
"PBarangay 201, Pasay",14.5085, 121.0312
"PBarangay 21, Pasay",14.5548, 120.9932
"PBarangay 22, Pasay",14.5559, 120.9937
"PBarangay 23, Pasay",14.5539, 120.9932
"PBarangay 24, Pasay",14.5528, 120.9929
"PBarangay 25, Pasay",14.5511, 120.9933
"PBarangay 26, Pasay",14.5497, 120.9934
"PBarangay 27, Pasay",14.5481, 120.9939
"PBarangay 28, Pasay",14.5520, 120.9945
"PBarangay 29, Pasay",14.5506, 120.9945
"PBarangay 3, Pasay",14.5570, 120.9895
"PBarangay 30, Pasay",14.5495, 120.9948
"PBarangay 31, Pasay",14.5485, 120.9951
"PBarangay 32, Pasay",14.5470, 120.9949
"PBarangay 33, Pasay",14.5594, 120.9945
"PBarangay 34, Pasay",14.5579, 120.9942
"PBarangay 35, Pasay",14.5559, 120.9949
"PBarangay 36, Pasay",14.5568, 120.9959
"PBarangay 37, Pasay",14.5548, 120.9957
"PBarangay 38, Pasay",14.5523, 120.9963
"PBarangay 39, Pasay",14.5500, 120.9968
"PBarangay 4, Pasay",14.5562, 120.9897
"PBarangay 40, Pasay",14.5483, 120.9972
"PBarangay 41, Pasay",14.5600, 120.9967
"PBarangay 42, Pasay",14.5604, 120.9979
"PBarangay 43, Pasay",14.5607, 120.9988
"PBarangay 44, Pasay",14.5578, 120.9972
"PBarangay 45, Pasay",14.5583, 120.9985
"PBarangay 46, Pasay",14.5572, 120.9995
"PBarangay 47, Pasay",14.5550, 120.9980
"PBarangay 48, Pasay",14.5560, 120.9991
"PBarangay 49, Pasay",14.5533, 120.9982
"PBarangay 5, Pasay",14.5554, 120.9900
"PBarangay 50, Pasay",14.5542, 120.9996
"PBarangay 51, Pasay",14.5538, 121.0006
"PBarangay 52, Pasay",14.5529, 120.9994
"PBarangay 53, Pasay",14.5529, 120.9999
"PBarangay 54, Pasay",14.5525, 121.0010
"PBarangay 55, Pasay",14.5514, 120.9989
"PBarangay 56, Pasay",14.5515, 121.0004
"PBarangay 57, Pasay",14.5517, 121.0018
"PBarangay 58, Pasay",14.5503, 120.9992
"PBarangay 59, Pasay",14.5487, 120.9995
"PBarangay 6, Pasay",14.5549, 120.9902
"PBarangay 60, Pasay",14.5494, 121.0010
"PBarangay 61, Pasay",14.5507, 121.0019
"PBarangay 62, Pasay",14.5512, 121.0030
"PBarangay 63, Pasay",14.5500, 121.0020
"PBarangay 64, Pasay",14.5494, 121.0022
"PBarangay 65, Pasay",14.5503, 121.0035
"PBarangay 66, Pasay",14.5487, 121.0029
"PBarangay 67, Pasay",14.5500, 121.0051
"PBarangay 68, Pasay",14.5459, 120.9947
"PBarangay 69, Pasay",14.5464, 120.9959
"PBarangay 7, Pasay",14.5543, 120.9903
"PBarangay 70, Pasay",14.5437, 120.9954
"PBarangay 71, Pasay",14.5453, 120.9964
"PBarangay 72, Pasay",14.5435, 120.9969
"PBarangay 73, Pasay",14.5410, 120.9960
"PBarangay 74, Pasay",14.5413, 120.9974
"PBarangay 75, Pasay",14.5381, 120.9970
"PBarangay 76, Pasay",14.5467, 120.9861
"PBarangay 77, Pasay",14.5361, 120.9973
"PBarangay 78, Pasay",14.5343, 120.9974
"PBarangay 79, Pasay",14.5360, 120.9991
"PBarangay 8, Pasay",14.5535, 120.9907
"PBarangay 80, Pasay",14.5380, 120.9990
"PBarangay 81, Pasay",14.5401, 120.9987
"PBarangay 82, Pasay",14.5401, 120.9994
"PBarangay 83, Pasay",14.5387, 121.0000
"PBarangay 84, Pasay",14.5402, 121.0000
"PBarangay 85, Pasay",14.5413, 120.9990
"PBarangay 86, Pasay",14.5425, 120.9987
"PBarangay 87, Pasay",14.5432, 120.9991
"PBarangay 88, Pasay",14.5444, 120.9976
"PBarangay 89, Pasay",14.5440, 120.9989
"PBarangay 9, Pasay",14.5528, 120.9907
"PBarangay 90, Pasay",14.5453, 120.9986
"PBarangay 91, Pasay",14.5462, 120.9978
"PBarangay 92, Pasay",14.5471, 120.9979
"PBarangay 93, Pasay",14.5453, 120.9995
"PBarangay 94, Pasay",14.5455, 121.0000
"PBarangay 95, Pasay",14.5468, 121.0004
"PBarangay 96, Pasay",14.5445, 121.0009
"PBarangay 97, Pasay",14.5404, 121.0009
"PBarangay 98, Pasay",14.5390, 121.0023
"PBarangay 99, Pasay",14.5405, 121.0023
"Bagong Ilog, Pasig",14.5644, 121.0711
"Bagong Katipunan, Pasig",14.5584, 121.0749
"Bambang, Pasig",14.5548, 121.0785
"Buting, Pasig",14.5533, 121.0688
"Caniogan, Pasig",14.5719, 121.0804
"Dela Paz, Pasig",14.6137, 121.0960
"Kalawaan, Pasig",14.5512, 121.0869
"Kapasigan, Pasig",14.5645, 121.0743
"Kapitolyo, Pasig",14.5718, 121.0596
"Malinao, Pasig",14.5580, 121.0760
"Manggahan, Pasig",14.5981, 121.0913
"Maybunga, Pasig",14.5784, 121.0817
"Oranbo, Pasig",14.5737, 121.0642
"Palatiw, Pasig",14.5631, 121.0848
"Pinagbuhatan, Pasig",14.5570, 121.0910
"Pineda, Pasig",14.5658, 121.0597
"Rosario, Pasig",14.5863, 121.0844
"Sagad, Pasig",14.5660, 121.0793
"San Antonio, Pasig",14.5775, 121.0599
"San Joaquin, Pasig",14.5510, 121.0762
"San Jose, Pasig",14.5612, 121.0735
"San Miguel, Pasig",14.5656, 121.0856
"San Nicolas, Pasig",14.5631, 121.0781
"Santa Cruz, Pasig",14.5632, 121.0788
"Santa Lucia, Pasig",14.5842, 121.1017
"Santa Rosa, Pasig",14.5593, 121.0729
"Santo Tomas, Pasig",14.5643, 121.0804
"Santolan, Pasig",14.6152, 121.0818
"Sumilang, Pasig",14.5571, 121.0747
"Ugong, Pasig",14.5792, 121.0785
"Aguho, Pateros",14.5421, 121.0643
"Magtanggol, Pateros",14.5483, 121.0696
"Martires del 96, Pateros",14.5397, 121.0663
"Poblacion, Pateros",14.5450, 121.0667
"San Pedro, Pateros",14.5470, 121.0665
"San Roque, Pateros",14.5401, 121.0691
"Santa Ana, Pateros",14.5466, 121.0717
"Santo Rosario-Kanluran, Pateros",14.5516, 121.0683
"Santo Rosario-Silangan, Pateros",14.5501, 121.0723
"Tabacalera, Pateros",14.5493, 121.0677
"Alicia, Quezon",14.6615, 121.0254
"Amihan, Quezon",14.6325, 121.0671
"Apolonio Samson, Quezon",14.6555, 121.0116
"Aurora, Quezon",14.6156, 121.0094
"Baesa, Quezon",14.6687, 121.0119
"Bagbag, Quezon",14.6967, 121.0304
"Bagong Lipunan ng Crame, Quezon",14.6132, 121.0503
"Bagong Pag-asa, Quezon",14.6623, 121.0334
"Bagong Silangan, Quezon",14.6978, 121.1103
"Bagumbayan, Quezon",14.6080, 121.0823
"Bagumbuhay, Quezon",14.6246, 121.0653
"Bahay Toro, Quezon",14.6642, 121.0216
"Balingasa, Quezon",14.6505, 121.0017
"Balong Bato, Quezon",14.6646, 121.0034
"Batasan Hills, Quezon",14.6861, 121.0994
"Bayanihan, Quezon",14.6152, 121.0700
"Blue Ridge A, Quezon",14.6183, 121.0729
"Blue Ridge B, Quezon",14.6176, 121.0750
"Botocan, Quezon",14.6371, 121.0629
"Bungad, Quezon",14.6502, 121.0244
"Camp Aguinaldo, Quezon",14.6056, 121.0624
"Capri, Quezon",14.7167, 121.0285
"Central, Quezon",14.6450, 121.0479
"Claro, Quezon",14.6315, 121.0646
"Commonwealth, Quezon",14.6968, 121.0875
"Culiat, Quezon",14.6679, 121.0565
"Damar, Quezon",14.6457, 121.0013
"Damayan, Quezon",14.6386, 121.0141
"Damayang Lagi, Quezon",14.6158, 121.0233
"Del Monte, Quezon",14.6436, 121.0145
"Dioquino Zobel, Quezon",14.6200, 121.0647
"Don Manuel, Quezon",14.6164, 121.0044
"Dona Imelda, Quezon",14.6151, 121.0177
"Dona Josefa, Quezon",14.6189, 121.0049
"Duyan-duyan, Quezon",14.6298, 121.0667
"E. Rodriguez, Quezon",14.6273, 121.0520
"East Kamias, Quezon",14.6314, 121.0568
"Escopa I, Quezon",14.6245, 121.0735
"Escopa II, Quezon",14.6243, 121.0745
"Escopa III, Quezon",14.6266, 121.0735
"Escopa IV, Quezon",14.6257, 121.0744
"Fairview, Quezon",14.6996, 121.0641
"Greater Lagro, Quezon",14.7264, 121.0659
"Gulod, Quezon",14.7120, 121.0387
"Holy Spirit, Quezon",14.6837, 121.0766
"Horseshoe, Quezon",14.6112, 121.0415
"Immaculate Concepcion, Quezon",14.6222, 121.0435
"Kaligayahan, Quezon",14.7388, 121.0507
"Kalusugan, Quezon",14.6231, 121.0219
"Kamuning, Quezon",14.6282, 121.0388
"Katipunan, Quezon",14.6557, 121.0178
"Kaunlaran, Quezon",14.6181, 121.0449
"Kristong Hari, Quezon",14.6250, 121.0309
"Krus na Ligas, Quezon",14.6444, 121.0634
"Laging Handa, Quezon",14.6322, 121.0325
"Libis, Quezon",14.6151, 121.0749
"Lourdes, Quezon",14.6248, 121.0021
"Loyola Heights, Quezon",14.6412, 121.0745
"Maharlika, Quezon",14.6340, 120.9963
"Malaya, Quezon",14.6360, 121.0555
"Mangga, Quezon",14.6238, 121.0620
"Manresa, Quezon",14.6410, 121.0006
"Mariana, Quezon",14.6171, 121.0368
"Mariblo, Quezon",14.6350, 121.0158
"Marilag, Quezon",14.6256, 121.0686
"Masagana, Quezon",14.6186, 121.0665
"Masambong, Quezon",14.6415, 121.0102
"Matandang Balara, Quezon",14.6643, 121.0720
"Milagrosa, Quezon",14.6212, 121.0710
"N. S. Amoranto, Quezon",14.6317, 120.9939
"Nagkaisang Nayon, Quezon",14.7200, 121.0284
"Nayong Kanluran, Quezon",14.6400, 121.0255
"New Era, Quezon",14.6647, 121.0597
"North Fairview, Quezon",14.7089, 121.0640
"Novaliches Proper, Quezon",14.7206, 121.0389
"Obrero, Quezon",14.6281, 121.0294
"Old Capitol Site, Quezon",14.6502, 121.0529
"Paang Bundok, Quezon",14.6279, 120.9927
"Pag-ibig sa Nayon, Quezon",14.6464, 120.9964
"Paligsahan, Quezon",14.6317, 121.0214
"Paltok, Quezon",14.6432, 121.0225
"Pansol, Quezon",14.6506, 121.0769
"Paraiso, Quezon",14.6379, 121.0178
"Pasong Putik Proper, Quezon",14.7366, 121.0612
"Pasong Tamo, Quezon",14.6748, 121.0489
"Payatas, Quezon",14.7162, 121.1015
"Phil-Am, Quezon",14.6484, 121.0310
"Pinagkaisahan, Quezon",14.6280, 121.0461
"Pinyahan, Quezon",14.6353, 121.0475
"Project 6, Quezon",14.6620, 121.0412
"Quirino 2-A, Quezon",14.6312, 121.0592
"Quirino 2-B, Quezon",14.6326, 121.0616
"Quirino 2-C, Quezon",14.6344, 121.0631
"Quirino 3-A, Quezon",14.6286, 121.0637
"Ramon Magsaysay, Quezon",14.6592, 121.0215
"Roxas, Quezon",14.6283, 121.0216
"Sacred Heart, Quezon",14.6302, 121.0387
"Saint Ignatius, Quezon",14.6126, 121.0730
"Saint Peter, Quezon",14.6350, 120.9993
"Salvacion, Quezon",14.6268, 120.9942
"San Agustin, Quezon",14.7282, 121.0377
"San Antonio, Quezon",14.6522, 121.0182
"San Bartolome, Quezon",14.7007, 121.0349
"San Isidro, Quezon",14.6127, 121.0090
"San Isidro Labrador, Quezon",14.6234, 120.9968
"San Jose, Quezon",14.6407, 120.9942
"San Martin de Porres, Quezon",14.6172, 121.0492
"San Roque, Quezon",14.6207, 121.0613
"San Vicente, Quezon",14.6534, 121.0569
"Sangandaan, Quezon",14.6740, 121.0205
"Santa Cruz, Quezon",14.6344, 121.0201
"Santa Lucia, Quezon",14.7067, 121.0530
"Santa Monica, Quezon",14.7252, 121.0434
"Santa Teresita, Quezon",14.6220, 120.9997
"Santo Cristo, Quezon",14.6620, 121.0292
"Santo Domingo, Quezon",14.6285, 121.0066
"Santo Nino, Quezon",14.6115, 121.0118
"Santol, Quezon",14.6114, 121.0148
"Sauyo, Quezon",14.6893, 121.0335
"Sienna, Quezon",14.6374, 121.0049
"Sikatuna Village, Quezon",14.6373, 121.0581
"Silangan, Quezon",14.6288, 121.0561
"Socorro, Quezon",14.6179, 121.0557
"South Triangle, Quezon",14.6379, 121.0361
"Tagumpay, Quezon",14.6216, 121.0640
"Talayan, Quezon",14.6340, 121.0113
"Talipapa, Quezon",14.6872, 121.0248
"Tandang Sora, Quezon",14.6814, 121.0321
"Tatalon, Quezon",14.6213, 121.0130
"Teachers Village East, Quezon",14.6442, 121.0598
"Teachers Village West, Quezon",14.6424, 121.0560
"U.P. Campus, Quezon",14.6478, 121.0654
"U.P. Village, Quezon",14.6482, 121.0571
"Ugong Norte, Quezon",14.5975, 121.0700
"Unang Sigaw, Quezon",14.6584, 121.0006
"Valencia, Quezon",14.6083, 121.0382
"Vasra, Quezon",14.6613, 121.0444
"Veterans Village, Quezon",14.6533, 121.0246
"Villa Maria Clara, Quezon",14.6165, 121.0686
"West Kamias, Quezon",14.6309, 121.0501
"West Triangle, Quezon",14.6433, 121.0303
"White Plains, Quezon",14.6040, 121.0713
"Addition Hills, San Juan",14.5923, 121.0338
"Balong-Bato, San Juan",14.6084, 121.0234
"Batis, San Juan",14.5991, 121.0247
"Corazon de Jesus, San Juan",14.6066, 121.0316
"Ermitano, San Juan",14.6119, 121.0303
"Greenhills, San Juan",14.6017, 121.0504
"Halo-halo, San Juan",14.6033, 121.0326
"Isabelita, San Juan",14.6028, 121.0311
"Kabayanan, San Juan",14.5978, 121.0302
"Little Baguio, San Juan",14.6009, 121.0383
"Maytunas, San Juan",14.5947, 121.0318
"Onse, San Juan",14.6014, 121.0317
"Pasadena, San Juan",14.6087, 121.0335
"Pedro Cruz, San Juan",14.6050, 121.0240
"Progreso, San Juan",14.6027, 121.0202
"Rivera, San Juan",14.6051, 121.0211
"Salapan, San Juan",14.6128, 121.0248
"San Perfecto, San Juan",14.6031, 121.0221
"Santa Lucia, San Juan",14.5981, 121.0355
"Tibagan, San Juan",14.6008, 121.0296
"West Crame, San Juan",14.6053, 121.0505
"Bagumbayan, Taguig",14.4740, 121.0591
"Bambang, Taguig",14.5258, 121.0729
"Calzada, Taguig",14.5340, 121.0797
"Central Bicutan, Taguig",14.4923, 121.0540
"Central Signal Village, Taguig",14.5111, 121.0566
"Fort Bonifacio, Taguig",14.5296, 121.0239
"Hagonoy, Taguig",14.5128, 121.0699
"Ibayo-Tipas, Taguig",14.5417, 121.0849
"Katuparan, Taguig",14.5164, 121.0611
"Ligid-Tipas, Taguig",14.5424, 121.0811
"Lower Bicutan, Taguig",14.4894, 121.0610
"Maharlika Village, Taguig",14.4988, 121.0534
"Napindan, Taguig",14.5398, 121.0965
"New Lower Bicutan, Taguig",14.4985, 121.0631
"North Daang Hari, Taguig",14.4858, 121.0485
"North Signal Village, Taguig",14.5151, 121.0562
"Palingon, Taguig",14.5381, 121.0800
"Pinagsama, Taguig",14.5232, 121.0556
"San Miguel, Taguig",14.5182, 121.0733
"Santa Ana, Taguig",14.5276, 121.0764
"South Daang Hari, Taguig",14.4716, 121.0488
"South Signal Village, Taguig",14.5039, 121.0566
"Tanyag, Taguig",14.4779, 121.0497
"Tuktukan, Taguig",14.5284, 121.0714
"Upper Bicutan, Taguig",14.4969, 121.0499
"Ususan, Taguig",14.5354, 121.0687
"Wawa, Taguig",14.5217, 121.0751
"Western Bicutan, Taguig",14.5095, 121.0380
"Arkong Bato, Valenzuela",14.6963, 120.9535
"Bagbaguin, Valenzuela",14.7141, 120.9999
"Balangkas, Valenzuela",14.7116, 120.9438
"Bignay, Valenzuela",14.7456, 121.0020
"Bisig, Valenzuela",14.7134, 120.9464
"Canumay East, Valenzuela",14.7180, 120.9918
"Canumay West, Valenzuela",14.7102, 120.9840
"Coloong, Valenzuela",14.7240, 120.9433
"Dalandanan, Valenzuela",14.7041, 120.9615
"Gen. T. de Leon, Valenzuela",14.6864, 120.9946
"Isla, Valenzuela",14.7055, 120.9503
"Karuhatan, Valenzuela",14.6894, 120.9775
"Lawang Bato, Valenzuela",14.7301, 120.9931
"Lingunan, Valenzuela",14.7189, 120.9764
"Mabolo, Valenzuela",14.7116, 120.9487
"Malanday, Valenzuela",14.7160, 120.9538
"Malinta, Valenzuela",14.6919, 120.9639
"Mapulang Lupa, Valenzuela",14.7021, 121.0001
"Marulas, Valenzuela",14.6773, 120.9842
"Maysan, Valenzuela",14.6983, 120.9800
"Palasan, Valenzuela",14.7041, 120.9478
"Parada, Valenzuela",14.6959, 120.9882
"Pariancillo Villa, Valenzuela",14.7077, 120.9449
"Paso de Blas, Valenzuela",14.7080, 120.9926
"Pasolo, Valenzuela",14.7089, 120.9521
"Poblacion, Valenzuela",14.7080, 120.9462
"Pulo, Valenzuela",14.7073, 120.9476
"Punturin, Valenzuela",14.7401, 120.9904
"Rincon, Valenzuela",14.6974, 120.9590
"Tagalag, Valenzuela",14.7270, 120.9364
"Ugong, Valenzuela",14.6953, 121.0112
"Viente Reales, Valenzuela",14.7135, 120.9670
"Wawang Pulo, Valenzuela",14.7334, 120.9277
